date_of_prediction,date,day_order,prediction
2024-01-03,2024-01-03,1,4755.9404
2024-01-03,2024-01-04,2,4751.861
2024-01-03,2024-01-05,3,4774.8403
2024-01-03,2024-01-08,4,4771.729
2024-01-03,2024-01-09,5,4768.541
2024-01-03,2024-01-10,6,4743.1978
2024-01-03,2024-01-11,7,4786.5083
2024-01-03,2024-01-12,8,4689.124
2024-01-03,2024-01-15,9,4685.239
2024-01-03,2024-01-16,10,4718.4854
2024-01-04,2024-01-04,1,4734.0903
2024-01-04,2024-01-05,2,4730.1772
2024-01-04,2024-01-08,3,4752.847
2024-01-04,2024-01-09,4,4748.498
2024-01-04,2024-01-10,5,4747.7646
2024-01-04,2024-01-11,6,4723.305
2024-01-04,2024-01-12,7,4766.0693
2024-01-04,2024-01-15,8,4667.7754
2024-01-04,2024-01-16,9,4663.996
2024-01-04,2024-01-17,10,4696.168
2024-01-05,2024-01-05,1,4711.637
2024-01-05,2024-01-08,2,4707.7524
2024-01-05,2024-01-09,3,4730.371
2024-01-05,2024-01-10,4,4724.945
2024-01-05,2024-01-11,5,4725.998
2024-01-05,2024-01-12,6,4702.4795
2024-01-05,2024-01-15,7,4744.705
2024-01-05,2024-01-16,8,4646.486
2024-01-05,2024-01-17,9,4642.503
2024-01-05,2024-01-18,10,4674.052
2024-01-06,2024-01-08,1,4699.722
2024-01-06,2024-01-09,2,4695.5806
2024-01-06,2024-01-10,3,4718.52
2024-01-06,2024-01-11,4,4712.7114
2024-01-06,2024-01-12,5,4713.8643
2024-01-06,2024-01-15,6,4690.8984
2024-01-06,2024-01-16,7,4732.985
2024-01-06,2024-01-17,8,4635.8867
2024-01-06,2024-01-18,9,4631.364
2024-01-06,2024-01-19,10,4663.2676
2024-01-09,2024-01-09,1,4716.0474
2024-01-09,2024-01-10,2,4711.2095
2024-01-09,2024-01-11,3,4735.0312
2024-01-09,2024-01-12,4,4730.2686
2024-01-09,2024-01-15,5,4728.3486
2024-01-09,2024-01-16,6,4704.9097
2024-01-09,2024-01-17,7,4747.7104
2024-01-09,2024-01-18,8,4652.83
2024-01-09,2024-01-19,9,4647.3926
2024-01-09,2024-01-22,10,4681.295
2024-01-10,2024-01-10,1,4733.426
2024-01-10,2024-01-11,2,4728.041
2024-01-10,2024-01-12,3,4752.2725
2024-01-10,2024-01-15,4,4748.594
2024-01-10,2024-01-16,5,4744.406
2024-01-10,2024-01-17,6,4720.3
2024-01-10,2024-01-18,7,4764.017
2024-01-10,2024-01-19,8,4669.8115
2024-01-10,2024-01-22,9,4664.0757
2024-01-10,2024-01-23,10,4699.339
2024-01-11,2024-01-11,1,4753.2495
2024-01-11,2024-01-12,2,4747.532
2024-01-11,2024-01-15,3,4771.984
2024-01-11,2024-01-16,4,4769.2876
2024-01-11,2024-01-17,5,4763.206
2024-01-11,2024-01-18,6,4738.419
2024-01-11,2024-01-19,7,4782.835
2024-01-11,2024-01-22,8,4688.672
2024-01-11,2024-01-23,9,4682.9565
2024-01-11,2024-01-24,10,4719.085
2024-01-12,2024-01-12,1,4765.242
2024-01-12,2024-01-15,2,4759.5327
2024-01-12,2024-01-16,3,4783.8193
2024-01-12,2024-01-17,4,4781.5327
2024-01-12,2024-01-18,5,4775.0034
2024-01-12,2024-01-19,6,4749.79
2024-01-12,2024-01-22,7,4794.553
2024-01-12,2024-01-23,8,4699.486
2024-01-12,2024-01-24,9,4694.1523
2024-01-12,2024-01-25,10,4730.252
2024-01-13,2024-01-15,1,4771.3545
2024-01-13,2024-01-16,2,4765.8433
2024-01-13,2024-01-17,3,4789.853
2024-01-13,2024-01-18,4,4787.56
2024-01-13,2024-01-19,5,4781.3457
2024-01-13,2024-01-22,6,4755.954
2024-01-13,2024-01-23,7,4800.7363
2024-01-13,2024-01-24,8,4704.591
2024-01-13,2024-01-25,9,4699.677
2024-01-13,2024-01-26,10,4735.337
2024-01-16,2024-01-16,1,4771.3545
2024-01-16,2024-01-17,2,4765.8433
2024-01-16,2024-01-18,3,4789.853
2024-01-16,2024-01-19,4,4787.56
2024-01-16,2024-01-22,5,4781.3457
2024-01-16,2024-01-23,6,4755.954
2024-01-16,2024-01-24,7,4800.7363
2024-01-16,2024-01-25,8,4704.591
2024-01-16,2024-01-26,9,4699.677
2024-01-16,2024-01-29,10,4735.337
2024-01-17,2024-01-17,1,4767.8657
2024-01-17,2024-01-18,2,4762.6816
2024-01-17,2024-01-19,3,4786.3013
2024-01-17,2024-01-22,4,4783.514
2024-01-17,2024-01-23,5,4778.578
2024-01-17,2024-01-24,6,4753.334
2024-01-17,2024-01-25,7,4797.8613
2024-01-17,2024-01-26,8,4700.4893
2024-01-17,2024-01-29,9,4695.992
2024-01-17,2024-01-30,10,4730.802
2024-01-18,2024-01-18,1,4754.5674
2024-01-18,2024-01-19,2,4749.7485
2024-01-18,2024-01-22,3,4772.9766
2024-01-18,2024-01-23,4,4769.285
2024-01-18,2024-01-24,5,4766.326
2024-01-18,2024-01-25,6,4741.5884
2024-01-18,2024-01-26,7,4785.607
2024-01-18,2024-01-29,8,4687.2007
2024-01-18,2024-01-30,9,4683.0117
2024-01-18,2024-01-31,10,4716.726
2024-01-19,2024-01-19,1,4755.8755
2024-01-19,2024-01-22,2,4751.0645
2024-01-19,2024-01-23,3,4774.472
2024-01-19,2024-01-24,4,4770.6846
2024-01-19,2024-01-25,5,4767.4585
2024-01-19,2024-01-26,6,4742.754
2024-01-19,2024-01-29,7,4786.6704
2024-01-19,2024-01-30,8,4688.736
2024-01-19,2024-01-31,9,4684.2485
2024-01-19,2024-02-01,10,4718.251
2024-01-20,2024-01-22,1,4779.377
2024-01-20,2024-01-23,2,4774.1685
2024-01-20,2024-01-24,3,4798.1094
2024-01-20,2024-01-25,4,4795.4336
2024-01-20,2024-01-26,5,4789.4736
2024-01-20,2024-01-29,6,4763.9287
2024-01-20,2024-01-30,7,4808.571
2024-01-20,2024-01-31,8,4711.7446
2024-01-20,2024-02-01,9,4706.6357
2024-01-20,2024-02-02,10,4742.3936
2024-01-23,2024-01-23,1,4804.903
2024-01-23,2024-01-24,2,4799.337
2024-01-23,2024-01-25,3,4823.4497
2024-01-23,2024-01-26,4,4821.9883
2024-01-23,2024-01-29,5,4813.7925
2024-01-23,2024-01-30,6,4787.2383
2024-01-23,2024-01-31,7,4832.801
2024-01-23,2024-02-01,8,4735.851
2024-01-23,2024-02-02,9,4730.5586
2024-01-23,2024-02-05,10,4767.7324
2024-01-24,2024-01-24,1,4826.2725
2024-01-24,2024-01-25,2,4820.565
2024-01-24,2024-01-26,3,4844.5513
2024-01-24,2024-01-29,4,4843.917
2024-01-24,2024-01-30,5,4834.522
2024-01-24,2024-01-31,6,4807.1694
2024-01-24,2024-02-01,7,4853.348
2024-01-24,2024-02-02,8,4755.394
2024-01-24,2024-02-05,9,4750.2793
2024-01-24,2024-02-06,10,4788.1304
2024-01-25,2024-01-25,1,4839.562
2024-01-25,2024-01-26,2,4833.952
2024-01-25,2024-01-29,3,4857.586
2024-01-25,2024-01-30,4,4857.206
2024-01-25,2024-01-31,5,4847.8086
2024-01-25,2024-02-01,6,4819.9873
2024-01-25,2024-02-02,7,4866.4067
2024-01-25,2024-02-05,8,4766.9077
2024-01-25,2024-02-06,9,4762.1646
2024-01-25,2024-02-07,10,4799.9824
2024-01-26,2024-01-26,1,4853.124
2024-01-26,2024-01-29,2,4847.6343
2024-01-26,2024-01-30,3,4871.0015
2024-01-26,2024-01-31,4,4870.8184
2024-01-26,2024-02-01,5,4861.287
2024-01-26,2024-02-02,6,4833.0347
2024-01-26,2024-02-05,7,4879.6055
2024-01-26,2024-02-06,8,4778.8657
2024-01-26,2024-02-07,9,4774.324
2024-01-26,2024-02-08,10,4812.25
2024-01-27,2024-01-29,1,4860.9707
2024-01-27,2024-01-30,2,4855.6436
2024-01-27,2024-01-31,3,4878.6533
2024-01-27,2024-02-01,4,4878.3965
2024-01-27,2024-02-02,5,4869.3374
2024-01-27,2024-02-05,6,4840.809
2024-01-27,2024-02-06,7,4887.4663
2024-01-27,2024-02-07,8,4785.279
2024-01-27,2024-02-08,9,4780.9414
2024-01-27,2024-02-09,10,4818.774
2024-01-30,2024-01-30,1,4875.608
2024-01-30,2024-01-31,2,4870.2817
2024-01-30,2024-02-01,3,4893.1733
2024-01-30,2024-02-02,4,4893.2256
2024-01-30,2024-02-05,5,4883.5947
2024-01-30,2024-02-06,6,4854.5947
2024-01-30,2024-02-07,7,4901.508
2024-01-30,2024-02-08,8,4798.534
2024-01-30,2024-02-09,9,4794.1035
2024-01-30,2024-02-12,10,4832.523
2024-01-31,2024-01-31,1,4886.336
2024-01-31,2024-02-01,2,4881.0083
2024-01-31,2024-02-02,3,4903.6436
2024-01-31,2024-02-05,4,4903.8604
2024-01-31,2024-02-06,5,4894.1777
2024-01-31,2024-02-07,6,4864.774
2024-01-31,2024-02-08,7,4911.9883
2024-01-31,2024-02-09,8,4807.82
2024-01-31,2024-02-12,9,4803.3984
2024-01-31,2024-02-13,10,4842.214
2024-02-01,2024-02-01,1,4868.835
2024-02-01,2024-02-02,2,4863.8184
2024-02-01,2024-02-05,3,4885.774
2024-02-01,2024-02-06,4,4884.706
2024-02-01,2024-02-07,5,4878.19
2024-02-01,2024-02-08,6,4849.368
2024-02-01,2024-02-09,7,4896.152
2024-02-01,2024-02-12,8,4789.6436
2024-02-01,2024-02-13,9,4785.672
2024-02-01,2024-02-14,10,4823.0444
2024-02-02,2024-02-02,1,4867.3975
2024-02-02,2024-02-05,2,4862.3804
2024-02-02,2024-02-06,3,4884.4517
2024-02-02,2024-02-07,4,4882.94
2024-02-02,2024-02-08,5,4876.783
2024-02-02,2024-02-09,6,4848.175
2024-02-02,2024-02-12,7,4894.727
2024-02-02,2024-02-13,8,4788.2104
2024-02-02,2024-02-14,9,4783.8887
2024-02-02,2024-02-15,10,4821.3726
2024-02-03,2024-02-05,1,4886.79
2024-02-03,2024-02-06,2,4881.4004
2024-02-03,2024-02-07,3,4903.847
2024-02-03,2024-02-08,4,4903.1904
2024-02-03,2024-02-09,5,4894.8457
2024-02-03,2024-02-12,6,4865.559
2024-02-03,2024-02-13,7,4912.802
2024-02-03,2024-02-14,8,4807.026
2024-02-03,2024-02-15,9,4802.0317
2024-02-03,2024-02-16,10,4841.2446
2024-02-06,2024-02-06,1,4901.384
2024-02-06,2024-02-07,2,4895.675
2024-02-06,2024-02-08,3,4918.0703
2024-02-06,2024-02-09,4,4918.114
2024-02-06,2024-02-12,5,4908.657
2024-02-06,2024-02-13,6,4878.7773
2024-02-06,2024-02-14,7,4926.7515
2024-02-06,2024-02-15,8,4820.406
2024-02-06,2024-02-16,9,4815.2417
2024-02-06,2024-02-19,10,4855.542
2024-02-07,2024-02-07,1,4912.9585
2024-02-07,2024-02-08,2,4907.0513
2024-02-07,2024-02-09,3,4929.307
2024-02-07,2024-02-12,4,4929.762
2024-02-07,2024-02-13,5,4919.7583
2024-02-07,2024-02-14,6,4889.5225
2024-02-07,2024-02-15,7,4937.8965
2024-02-07,2024-02-16,8,4830.6865
2024-02-07,2024-02-19,9,4825.5386
2024-02-07,2024-02-20,10,4866.417
2024-02-08,2024-02-08,1,4931.153
2024-02-08,2024-02-09,2,4925.0527
2024-02-08,2024-02-12,3,4947.255
2024-02-08,2024-02-13,4,4948.392
2024-02-08,2024-02-14,5,4937.13
2024-02-08,2024-02-15,6,4906.356
2024-02-08,2024-02-16,7,4955.1816
2024-02-08,2024-02-19,8,4847.437
2024-02-08,2024-02-20,9,4842.1973
2024-02-08,2024-02-21,10,4884.0073
2024-02-09,2024-02-09,1,4945.4243
2024-02-09,2024-02-12,2,4939.2417
2024-02-09,2024-02-13,3,4961.169
2024-02-09,2024-02-14,4,4962.7607
2024-02-09,2024-02-15,5,4950.9575
2024-02-09,2024-02-16,6,4919.7275
2024-02-09,2024-02-19,7,4968.9463
2024-02-09,2024-02-20,8,4860.0938
2024-02-09,2024-02-21,9,4854.94
2024-02-09,2024-02-22,10,4897.3184
2024-02-10,2024-02-12,1,4961.901
2024-02-10,2024-02-13,2,4955.6436
2024-02-10,2024-02-14,3,4977.3345
2024-02-10,2024-02-15,4,4979.452
2024-02-10,2024-02-16,5,4966.8594
2024-02-10,2024-02-19,6,4935.154
2024-02-10,2024-02-20,7,4984.717
2024-02-10,2024-02-21,8,4874.9053
2024-02-10,2024-02-22,9,4869.7666
2024-02-10,2024-02-23,10,4912.8564
2024-02-13,2024-02-13,1,4971.663
2024-02-13,2024-02-14,2,4965.4385
2024-02-13,2024-02-15,3,4986.732
2024-02-13,2024-02-16,4,4988.99
2024-02-13,2024-02-19,5,4976.517
2024-02-13,2024-02-20,6,4944.5283
2024-02-13,2024-02-21,7,4994.2954
2024-02-13,2024-02-22,8,4883.0737
2024-02-13,2024-02-23,9,4878.073
2024-02-13,2024-02-26,10,4921.4155
2024-02-14,2024-02-14,1,4956.1943
2024-02-14,2024-02-15,2,4950.281
2024-02-14,2024-02-16,3,4970.923
2024-02-14,2024-02-19,4,4971.92
2024-02-14,2024-02-20,5,4962.459
2024-02-14,2024-02-21,6,4931.0474
2024-02-14,2024-02-22,7,4980.3506
2024-02-14,2024-02-23,8,4866.864
2024-02-14,2024-02-26,9,4862.279
2024-02-14,2024-02-27,10,4904.213
2024-02-15,2024-02-15,1,4953.018
2024-02-15,2024-02-16,2,4947.187
2024-02-15,2024-02-19,3,4967.8457
2024-02-15,2024-02-20,4,4968.269
2024-02-15,2024-02-21,5,4959.4956
2024-02-15,2024-02-22,6,4928.3604
2024-02-15,2024-02-23,7,4977.377
2024-02-15,2024-02-26,8,4863.651
2024-02-15,2024-02-27,9,4858.7896
2024-02-15,2024-02-28,10,4900.6196
2024-02-16,2024-02-16,1,4963.1094
2024-02-16,2024-02-19,2,4957.096
2024-02-16,2024-02-20,3,4977.9146
2024-02-16,2024-02-21,4,4978.7114
2024-02-16,2024-02-22,5,4968.852
2024-02-16,2024-02-23,6,4937.359
2024-02-16,2024-02-26,7,4986.801
2024-02-16,2024-02-27,8,4873.3926
2024-02-16,2024-02-28,9,4868.0337
2024-02-16,2024-02-29,10,4910.9556
2024-02-17,2024-02-19,1,4967.081
2024-02-17,2024-02-20,2,4960.894
2024-02-17,2024-02-21,3,4981.596
2024-02-17,2024-02-22,4,4982.5522
2024-02-17,2024-02-23,5,4972.5586
2024-02-17,2024-02-26,6,4940.8687
2024-02-17,2024-02-27,7,4990.7124
2024-02-17,2024-02-28,8,4876.7373
2024-02-17,2024-02-29,9,4871.226
2024-02-17,2024-03-01,10,4914.6895
2024-02-20,2024-02-20,1,4967.081
2024-02-20,2024-02-21,2,4960.894
2024-02-20,2024-02-22,3,4981.596
2024-02-20,2024-02-23,4,4982.5522
2024-02-20,2024-02-26,5,4972.5586
2024-02-20,2024-02-27,6,4940.8687
2024-02-20,2024-02-28,7,4990.7124
2024-02-20,2024-02-29,8,4876.7373
2024-02-20,2024-03-01,9,4871.226
2024-02-20,2024-03-04,10,4914.6895
2024-02-21,2024-02-21,1,4959.4424
2024-02-21,2024-02-22,2,4953.223
2024-02-21,2024-02-23,3,4973.7085
2024-02-21,2024-02-26,4,4974.1333
2024-02-21,2024-02-27,5,4965.3833
2024-02-21,2024-02-28,6,4933.989
2024-02-21,2024-02-29,7,4983.772
2024-02-21,2024-03-01,8,4868.8276
2024-02-21,2024-03-04,9,4863.38
2024-02-21,2024-03-05,10,4906.4326
2024-02-22,2024-02-22,1,4952.889
2024-02-22,2024-02-23,2,4946.634
2024-02-22,2024-02-26,3,4967.123
2024-02-22,2024-02-27,4,4967.049
2024-02-22,2024-02-28,5,4959.0854
2024-02-22,2024-02-29,6,4928.0117
2024-02-22,2024-03-01,7,4977.6523
2024-02-22,2024-03-04,8,4862.437
2024-02-22,2024-03-05,9,4856.867
2024-02-22,2024-03-06,10,4899.6685
2024-02-23,2024-02-23,1,4979.465
2024-02-23,2024-02-26,2,4972.7764
2024-02-23,2024-02-27,3,4993.7847
2024-02-23,2024-02-28,4,4995.1123
2024-02-23,2024-02-29,5,4983.7383
2024-02-23,2024-03-01,6,4951.854
2024-02-23,2024-03-04,7,5002.2427
2024-02-23,2024-03-05,8,4888.5093
2024-02-23,2024-03-06,9,4882.248
2024-02-23,2024-03-07,10,4927.222
2024-02-24,2024-02-26,1,5006.5103
2024-02-24,2024-02-27,2,4999.4263
2024-02-24,2024-02-28,3,5020.372
2024-02-24,2024-02-29,4,5023.2593
2024-02-24,2024-03-01,5,5009.2334
2024-02-24,2024-03-04,6,4976.3423
2024-02-24,2024-03-05,7,5027.763
2024-02-24,2024-03-06,8,4913.8926
2024-02-24,2024-03-07,9,4907.4834
2024-02-24,2024-03-08,10,4954.3184
2024-02-27,2024-02-27,1,5018.605
2024-02-27,2024-02-28,2,5011.4277
2024-02-27,2024-02-29,3,5031.897
2024-02-27,2024-03-01,4,5035.311
2024-02-27,2024-03-04,5,5021.0083
2024-02-27,2024-03-05,6,4987.759
2024-02-27,2024-03-06,7,5039.5215
2024-02-27,2024-03-07,8,4924.1597
2024-02-27,2024-03-08,9,4918.1147
2024-02-27,2024-03-11,10,4965.296
2024-02-28,2024-02-28,1,5024.0903
2024-02-28,2024-02-29,2,5017.023
2024-02-28,2024-03-01,3,5037.0654
2024-02-28,2024-03-04,4,5040.413
2024-02-28,2024-03-05,5,5026.6187
2024-02-28,2024-03-06,6,4993.36
2024-02-28,2024-03-07,7,5045.0015
2024-02-28,2024-03-08,8,4928.276
2024-02-28,2024-03-11,9,4922.539
2024-02-28,2024-03-12,10,4969.511
2024-02-29,2024-02-29,1,5022.96
2024-02-29,2024-03-01,2,5016.106
2024-02-29,2024-03-04,3,5035.7603
2024-02-29,2024-03-05,4,5038.6367
2024-02-29,2024-03-06,5,5025.9644
2024-02-29,2024-03-07,6,4992.867
2024-02-29,2024-03-08,7,5044.2583
2024-02-29,2024-03-11,8,4926.287
2024-02-29,2024-03-12,9,4920.7446
2024-02-29,2024-03-13,10,4967.226
2024-03-01,2024-03-01,1,5028.15
2024-03-01,2024-03-04,2,5021.382
2024-03-01,2024-03-05,3,5040.895
2024-03-01,2024-03-06,4,5043.7305
2024-03-01,2024-03-07,5,5031.0464
2024-03-01,2024-03-08,6,4997.87
2024-03-01,2024-03-11,7,5049.239
2024-03-01,2024-03-12,8,4930.835
2024-03-01,2024-03-13,9,4925.163
2024-03-01,2024-03-14,10,4971.8965
2024-03-02,2024-03-04,1,5045.1484
2024-03-02,2024-03-05,2,5038.265
2024-03-02,2024-03-06,3,5057.7363
2024-03-02,2024-03-07,4,5061.335
2024-03-02,2024-03-08,5,5047.1167
2024-03-02,2024-03-11,6,5013.3906
2024-03-02,2024-03-12,7,5065.204
2024-03-02,2024-03-13,8,4946.8184
2024-03-02,2024-03-14,9,4940.838
2024-03-02,2024-03-15,10,4988.8296
2024-03-05,2024-03-05,1,5057.888
2024-03-05,2024-03-06,2,5050.9087
2024-03-05,2024-03-07,3,5070.0737
2024-03-05,2024-03-08,4,5074.249
2024-03-05,2024-03-11,5,5059.3086
2024-03-05,2024-03-12,6,5025.1333
2024-03-05,2024-03-13,7,5077.3784
2024-03-05,2024-03-14,8,4958.1914
2024-03-05,2024-03-15,9,4952.174
2024-03-05,2024-03-18,10,5001.0176
2024-03-06,2024-03-06,1,5050.1963
2024-03-06,2024-03-07,2,5043.3564
2024-03-06,2024-03-08,3,5062.0034
2024-03-06,2024-03-11,4,5065.4805
2024-03-06,2024-03-12,5,5052.4253
2024-03-06,2024-03-13,6,5018.551
2024-03-06,2024-03-14,7,5070.588
2024-03-06,2024-03-15,8,4949.65
2024-03-06,2024-03-18,9,4943.915
2024-03-06,2024-03-19,10,4992.007
2024-03-07,2024-03-07,1,5046.946
2024-03-07,2024-03-08,2,5040.1914
2024-03-07,2024-03-11,3,5058.743
2024-03-07,2024-03-12,4,5061.7075
2024-03-07,2024-03-13,5,5049.466
2024-03-07,2024-03-14,6,5015.8525
2024-03-07,2024-03-15,7,5067.6206
2024-03-07,2024-03-18,8,4946.181
2024-03-07,2024-03-19,9,4940.325
2024-03-07,2024-03-20,10,4988.1704
2024-03-08,2024-03-08,1,5060.9385
2024-03-08,2024-03-11,2,5054.041
2024-03-08,2024-03-12,3,5072.7095
2024-03-08,2024-03-13,4,5076.301
2024-03-08,2024-03-14,5,5062.5312
2024-03-08,2024-03-15,6,5028.487
2024-03-08,2024-03-18,7,5080.6426
2024-03-08,2024-03-19,8,4959.6543
2024-03-08,2024-03-20,9,4953.3623
2024-03-08,2024-03-21,10,5002.4297
2024-03-09,2024-03-11,1,5065.567
2024-03-09,2024-03-12,2,5058.5786
2024-03-09,2024-03-13,3,5076.9863
2024-03-09,2024-03-14,4,5080.7866
2024-03-09,2024-03-15,5,5066.968
2024-03-09,2024-03-18,6,5032.6973
2024-03-09,2024-03-19,7,5085.2075
2024-03-09,2024-03-20,8,4963.458
2024-03-09,2024-03-21,9,4957.136
2024-03-09,2024-03-22,10,5006.656
2024-03-12,2024-03-12,1,5064.6675
2024-03-12,2024-03-13,2,5057.65
2024-03-12,2024-03-14,3,5075.8486
2024-03-12,2024-03-15,4,5079.4517
2024-03-12,2024-03-18,5,5066.198
2024-03-12,2024-03-19,6,5032.0312
2024-03-12,2024-03-20,7,5084.531
2024-03-12,2024-03-21,8,4962.0083
2024-03-12,2024-03-22,9,4955.7046
2024-03-12,2024-03-25,10,5005.17
2024-03-13,2024-03-13,1,5078.506
2024-03-13,2024-03-14,2,5071.3296
2024-03-13,2024-03-15,3,5089.5835
2024-03-13,2024-03-18,4,5093.8325
2024-03-13,2024-03-19,5,5079.1445
2024-03-13,2024-03-20,6,5044.6245
2024-03-13,2024-03-21,7,5097.423
2024-03-13,2024-03-22,8,4975.1577
2024-03-13,2024-03-25,9,4968.5684
2024-03-13,2024-03-26,10,5019.0957
2024-03-14,2024-03-14,1,5088.5347
2024-03-14,2024-03-15,2,5081.2534
2024-03-14,2024-03-18,3,5099.2666
2024-03-14,2024-03-19,4,5104.0103
2024-03-14,2024-03-20,5,5088.6724
2024-03-14,2024-03-21,6,5053.811
2024-03-14,2024-03-22,7,5106.987
2024-03-14,2024-03-25,8,4984.1543
2024-03-14,2024-03-26,9,4977.539
2024-03-14,2024-03-27,10,5028.7773
2024-03-15,2024-03-15,1,5089.968
2024-03-15,2024-03-18,2,5082.6895
2024-03-15,2024-03-19,3,5100.3804
2024-03-15,2024-03-20,4,5105.0435
2024-03-15,2024-03-21,5,5090.1943
2024-03-15,2024-03-22,6,5055.3643
2024-03-15,2024-03-25,7,5108.5527
2024-03-15,2024-03-26,8,4984.737
2024-03-15,2024-03-27,9,4978.2427
2024-03-15,2024-03-28,10,5029.453
2024-03-16,2024-03-18,1,5079.039
2024-03-16,2024-03-19,2,5071.9116
2024-03-16,2024-03-20,3,5089.3066
2024-03-16,2024-03-21,4,5093.0903
2024-03-16,2024-03-22,5,5080.112
2024-03-16,2024-03-25,6,5045.736
2024-03-16,2024-03-26,7,5098.5684
2024-03-16,2024-03-27,8,4973.6035
2024-03-16,2024-03-28,9,4967.256
2024-03-16,2024-03-29,10,5017.573
2024-03-19,2024-03-19,1,5077.7954
2024-03-19,2024-03-20,2,5070.697
2024-03-19,2024-03-21,3,5088.168
2024-03-19,2024-03-22,4,5091.668
2024-03-19,2024-03-25,5,5078.886
2024-03-19,2024-03-26,6,5044.653
2024-03-19,2024-03-27,7,5097.3633
2024-03-19,2024-03-28,8,4972.4907
2024-03-19,2024-03-29,9,4965.8975
2024-03-19,2024-04-01,10,5016.256
2024-03-20,2024-03-20,1,5087.987
2024-03-20,2024-03-21,2,5080.748
2024-03-20,2024-03-22,3,5098.328
2024-03-20,2024-03-25,4,5102.3784
2024-03-20,2024-03-26,5,5088.3223
2024-03-20,2024-03-27,6,5053.7285
2024-03-20,2024-03-28,7,5106.8345
2024-03-20,2024-03-29,8,4982.416
2024-03-20,2024-04-01,9,4975.4795
2024-03-20,2024-04-02,10,5026.8433
2024-03-21,2024-03-21,1,5110.854
2024-03-21,2024-03-22,2,5103.3105
2024-03-21,2024-03-25,3,5120.914
2024-03-21,2024-03-26,4,5126.3696
2024-03-21,2024-03-27,5,5109.6816
2024-03-21,2024-03-28,6,5074.3228
2024-03-21,2024-03-29,7,5128.163
2024-03-21,2024-04-01,8,5004.211
2024-03-21,2024-04-02,9,4996.9834
2024-03-21,2024-04-03,10,5050.178
2024-03-22,2024-03-22,1,5133.471
2024-03-22,2024-03-25,2,5125.6787
2024-03-22,2024-03-26,3,5142.9644
2024-03-22,2024-03-27,4,5149.7837
2024-03-22,2024-03-28,5,5131.029
2024-03-22,2024-03-29,6,5094.9556
2024-03-22,2024-04-01,7,5149.4414
2024-03-22,2024-04-02,8,5025.0557
2024-03-22,2024-04-03,9,5017.86
2024-03-22,2024-04-04,10,5072.5835
2024-03-23,2024-03-25,1,5145.44
2024-03-23,2024-03-26,2,5137.6167
2024-03-23,2024-03-27,3,5154.336
2024-03-23,2024-03-28,4,5161.6943
2024-03-23,2024-03-29,5,5142.5986
2024-03-23,2024-04-01,6,5106.271
2024-03-23,2024-04-02,7,5160.911
2024-03-23,2024-04-03,8,5035.2188
2024-03-23,2024-04-04,9,5028.327
2024-03-23,2024-04-05,10,5083.5254
2024-03-26,2024-03-26,1,5145.374
2024-03-26,2024-03-27,2,5137.7344
2024-03-26,2024-03-28,3,5153.901
2024-03-26,2024-03-29,4,5160.8804
2024-03-26,2024-04-01,5,5142.9497
2024-03-26,2024-04-02,6,5106.827
2024-03-26,2024-04-03,7,5161.159
2024-03-26,2024-04-04,8,5033.9336
2024-03-26,2024-04-05,9,5027.3496
2024-03-26,2024-04-08,10,5082.0884
2024-03-27,2024-03-27,1,5137.9106
2024-03-27,2024-03-28,2,5130.54
2024-03-27,2024-03-29,3,5146.3423
2024-03-27,2024-04-01,4,5152.452
2024-03-27,2024-04-02,5,5136.272
2024-03-27,2024-04-03,6,5100.56
2024-03-27,2024-04-04,7,5154.4224
2024-03-27,2024-04-05,8,5026.017
2024-03-27,2024-04-08,9,5019.537
2024-03-27,2024-04-09,10,5073.4727
2024-03-28,2024-03-28,1,5143.7974
2024-03-28,2024-03-29,2,5136.501
2024-03-28,2024-04-01,3,5152.2783
2024-03-28,2024-04-02,4,5158.4453
2024-03-28,2024-04-03,5,5141.8564
2024-03-28,2024-04-04,6,5106.0444
2024-03-28,2024-04-05,7,5159.9087
2024-03-28,2024-04-08,8,5031.5923
2024-03-28,2024-04-09,9,5024.792
2024-03-28,2024-04-10,10,5079.2427
2024-03-29,2024-03-29,1,5153.129
2024-03-29,2024-04-01,2,5145.784
2024-03-29,2024-04-02,3,5161.4053
2024-03-29,2024-04-03,4,5168.034
2024-03-29,2024-04-04,5,5150.647
2024-03-29,2024-04-05,6,5114.477
2024-03-29,2024-04-08,7,5168.71
2024-03-29,2024-04-09,8,5040.242
2024-03-29,2024-04-10,9,5033.1978
2024-03-29,2024-04-11,10,5088.551
2024-03-30,2024-04-01,1,5153.129
2024-03-30,2024-04-02,2,5145.784
2024-03-30,2024-04-03,3,5161.4053
2024-03-30,2024-04-04,4,5168.034
2024-03-30,2024-04-05,5,5150.647
2024-03-30,2024-04-08,6,5114.477
2024-03-30,2024-04-09,7,5168.71
2024-03-30,2024-04-10,8,5040.242
2024-03-30,2024-04-11,9,5033.1978
2024-03-30,2024-04-12,10,5088.551
2024-04-02,2024-04-02,1,5157.5767
2024-04-02,2024-04-03,2,5150.178
2024-04-02,2024-04-04,3,5165.5337
2024-04-02,2024-04-05,4,5172.3525
2024-04-02,2024-04-08,5,5154.8896
2024-04-02,2024-04-09,6,5118.5713
2024-04-02,2024-04-10,7,5173.0176
2024-04-02,2024-04-11,8,5043.9136
2024-04-02,2024-04-12,9,5036.8057
2024-04-02,2024-04-15,10,5092.616
2024-04-03,2024-04-03,1,5148.7314
2024-04-03,2024-04-04,2,5141.408
2024-04-03,2024-04-05,3,5156.4736
2024-04-03,2024-04-08,4,5162.591
2024-04-03,2024-04-09,5,5146.715
2024-04-03,2024-04-10,6,5110.734
2024-04-03,2024-04-11,7,5164.978
2024-04-03,2024-04-12,8,5034.7725
2024-04-03,2024-04-15,9,5027.7393
2024-04-03,2024-04-16,10,5082.9346
2024-04-04,2024-04-04,1,5141.1016
2024-04-04,2024-04-05,2,5133.835
2024-04-04,2024-04-08,3,5148.9014
2024-04-04,2024-04-09,4,5154.3594
2024-04-04,2024-04-10,5,5139.5303
2024-04-04,2024-04-11,6,5103.888
2024-04-04,2024-04-12,7,5157.888
2024-04-04,2024-04-15,8,5027.376
2024-04-04,2024-04-16,9,5020.182
2024-04-04,2024-04-17,10,5074.9536
2024-04-05,2024-04-05,1,5118.8535
2024-04-05,2024-04-08,2,5111.7256
2024-04-05,2024-04-09,3,5126.746
2024-04-05,2024-04-10,4,5130.771
2024-04-05,2024-04-11,5,5118.6206
2024-04-05,2024-04-12,6,5083.653
2024-04-05,2024-04-15,7,5137.267
2024-04-05,2024-04-16,8,5005.9854
2024-04-05,2024-04-17,9,4998.739
2024-04-05,2024-04-18,10,5052.1514
2024-04-06,2024-04-08,1,5117.049
2024-04-06,2024-04-09,2,5109.8027
2024-04-06,2024-04-10,3,5125.291
2024-04-06,2024-04-11,4,5129.1895
2024-04-06,2024-04-12,5,5116.5435
2024-04-06,2024-04-15,6,5081.65
2024-04-06,2024-04-16,7,5135.3247
2024-04-06,2024-04-17,8,5005.135
2024-04-06,2024-04-18,9,4997.3745
2024-04-06,2024-04-19,10,5051.138
2024-04-09,2024-04-09,1,5121.0205
2024-04-09,2024-04-10,2,5113.551
2024-04-09,2024-04-11,3,5129.293
2024-04-09,2024-04-12,4,5133.6187
2024-04-09,2024-04-15,5,5119.9424
2024-04-09,2024-04-16,6,5084.7573
2024-04-09,2024-04-17,7,5138.9507
2024-04-09,2024-04-18,8,5009.4673
2024-04-09,2024-04-19,9,5001.393
2024-04-09,2024-04-22,10,5055.935
2024-04-10,2024-04-10,1,5127.633
2024-04-10,2024-04-11,2,5119.8975
2024-04-10,2024-04-12,3,5135.773
2024-04-10,2024-04-15,4,5140.705
2024-04-10,2024-04-16,5,5125.889
2024-04-10,2024-04-17,6,5090.4385
2024-04-10,2024-04-18,7,5145.073
2024-04-10,2024-04-19,8,5015.9766
2024-04-10,2024-04-22,9,5007.795
2024-04-10,2024-04-23,10,5063.082
2024-04-11,2024-04-11,1,5118.685
2024-04-11,2024-04-12,2,5110.8984
2024-04-11,2024-04-15,3,5126.6587
2024-04-11,2024-04-16,4,5131.1504
2024-04-11,2024-04-17,5,5117.453
2024-04-11,2024-04-18,6,5082.293
2024-04-11,2024-04-19,7,5136.859
2024-04-11,2024-04-22,8,5007.096
2024-04-11,2024-04-23,9,4999.1543
2024-04-11,2024-04-24,10,5053.7793
2024-04-12,2024-04-12,1,5119.1743
2024-04-12,2024-04-15,2,5111.314
2024-04-12,2024-04-16,3,5127.2793
2024-04-12,2024-04-17,4,5131.777
2024-04-12,2024-04-18,5,5117.7593
2024-04-12,2024-04-19,6,5082.713
2024-04-12,2024-04-22,7,5137.1865
2024-04-12,2024-04-23,8,5007.8594
2024-04-12,2024-04-24,9,4999.8594
2024-04-12,2024-04-25,10,5054.4897
2024-04-13,2024-04-15,1,5100.6367
2024-04-13,2024-04-16,2,5092.907
2024-04-13,2024-04-17,3,5108.7715
2024-04-13,2024-04-18,4,5112.191
2024-04-13,2024-04-19,5,5100.384
2024-04-13,2024-04-22,6,5065.8955
2024-04-13,2024-04-23,7,5120.038
2024-04-13,2024-04-24,8,4989.971
2024-04-13,2024-04-25,9,4982.211
2024-04-13,2024-04-26,10,5035.475
2024-04-16,2024-04-16,1,5066.5747
2024-04-16,2024-04-17,2,5059.063
2024-04-16,2024-04-18,3,5075.027
2024-04-16,2024-04-19,4,5076.4595
2024-04-16,2024-04-22,5,5068.267
2024-04-16,2024-04-23,6,5034.9297
2024-04-16,2024-04-24,7,5088.227
2024-04-16,2024-04-25,8,4957.6245
2024-04-16,2024-04-26,9,4950.0034
2024-04-16,2024-04-29,10,5000.9443
2024-04-17,2024-04-17,1,5037.404
2024-04-17,2024-04-18,2,5029.999
2024-04-17,2024-04-19,3,5046.478
2024-04-17,2024-04-22,4,5046.3286
2024-04-17,2024-04-23,5,5040.398
2024-04-17,2024-04-24,6,5007.9927
2024-04-17,2024-04-25,7,5060.6646
2024-04-17,2024-04-26,8,4930.897
2024-04-17,2024-04-29,9,4923.022
2024-04-17,2024-04-30,10,4972.3867
2024-04-18,2024-04-18,1,5011.92
2024-04-18,2024-04-19,2,5004.4707
2024-04-18,2024-04-22,3,5021.553
2024-04-18,2024-04-23,4,5020.293
2024-04-18,2024-04-24,5,5015.7686
2024-04-18,2024-04-25,6,4984.0317
2024-04-18,2024-04-26,7,5036.4746
2024-04-18,2024-04-29,8,4907.9995
2024-04-18,2024-04-30,9,4899.802
2024-04-18,2024-05-01,10,4948.159
2024-04-19,2024-04-19,1,4993.8613
2024-04-19,2024-04-22,2,4986.202
2024-04-19,2024-04-23,3,5003.992
2024-04-19,2024-04-24,4,5002.204
2024-04-19,2024-04-25,5,4997.961
2024-04-19,2024-04-26,6,4966.6646
2024-04-19,2024-04-29,7,5019.123
2024-04-19,2024-04-30,8,4892.3726
2024-04-19,2024-05-01,9,4883.865
2024-04-19,2024-05-02,10,4931.796
2024-04-20,2024-04-22,1,4971.7437
2024-04-20,2024-04-23,2,4963.8877
2024-04-20,2024-04-24,3,4982.2324
2024-04-20,2024-04-25,4,4979.7847
2024-04-20,2024-04-26,5,4976.3735
2024-04-20,2024-04-29,6,4945.6753
2024-04-20,2024-04-30,7,4998.053
2024-04-20,2024-05-01,8,4872.5923
2024-04-20,2024-05-02,9,4864.0366
2024-04-20,2024-05-03,10,4911.1274
2024-04-23,2024-04-23,1,4968.7046
2024-04-23,2024-04-24,2,4960.508
2024-04-23,2024-04-25,3,4979.712
2024-04-23,2024-04-26,4,4977.6104
2024-04-23,2024-04-29,5,4972.6626
2024-04-23,2024-04-30,6,4942.053
2024-04-23,2024-05-01,7,4994.5957
2024-04-23,2024-05-02,8,4871.5093
2024-04-23,2024-05-03,9,4862.7256
2024-04-23,2024-05-06,10,4910.134
2024-04-24,2024-04-24,1,4988.9497
2024-04-24,2024-04-25,2,4980.2695
2024-04-24,2024-04-26,3,5000.3145
2024-04-24,2024-04-29,4,4999.8633
2024-04-24,2024-04-30,5,4991.072
2024-04-24,2024-05-01,6,4959.7275
2024-04-24,2024-05-02,7,5013.017
2024-04-24,2024-05-03,8,4892.5146
2024-04-24,2024-05-06,9,4883.507
2024-04-24,2024-05-07,10,4932.5415
2024-04-25,2024-04-25,1,5008.449
2024-04-25,2024-04-26,2,4999.463
2024-04-25,2024-04-29,3,5019.7666
2024-04-25,2024-04-30,4,5020.8555
2024-04-25,2024-05-01,5,5009.3184
2024-04-25,2024-05-02,6,4977.244
2024-04-25,2024-05-03,7,5031.1704
2024-04-25,2024-05-06,8,4911.622
2024-04-25,2024-05-07,9,4902.9272
2024-04-25,2024-05-08,10,4952.966
2024-04-26,2024-04-26,1,5013.446
2024-04-26,2024-04-29,2,5004.534
2024-04-26,2024-04-30,3,5024.6455
2024-04-26,2024-05-01,4,5026.175
2024-04-26,2024-05-02,5,5014.357
2024-04-26,2024-05-03,6,4982.159
2024-04-26,2024-05-06,7,5036.002
2024-04-26,2024-05-07,8,4916.0195
2024-04-26,2024-05-08,9,4908.057
2024-04-26,2024-05-09,10,4957.6045
2024-04-27,2024-04-29,1,5026.392
2024-04-27,2024-04-30,2,5017.631
2024-04-27,2024-05-01,3,5037.7314
2024-04-27,2024-05-02,4,5039.9175
2024-04-27,2024-05-03,5,5026.9033
2024-04-27,2024-05-06,6,4994.4277
2024-04-27,2024-05-07,7,5048.0796
2024-04-27,2024-05-08,8,4928.366
2024-04-27,2024-05-09,9,4920.806
2024-04-27,2024-05-10,10,4970.387
2024-04-30,2024-04-30,1,5040.8247
2024-04-30,2024-05-01,2,5032.269
2024-04-30,2024-05-02,3,5052.181
2024-04-30,2024-05-03,4,5055.0864
2024-04-30,2024-05-06,5,5040.9756
2024-04-30,2024-05-07,6,5008.04
2024-04-30,2024-05-08,7,5061.6797
2024-04-30,2024-05-09,8,4941.879
2024-04-30,2024-05-10,9,4934.673
2024-04-30,2024-05-13,10,4984.491
2024-05-01,2024-05-01,1,5027.542
2024-05-01,2024-05-02,2,5019.4927
2024-05-01,2024-05-03,3,5038.793
2024-05-01,2024-05-06,4,5040.7715
2024-05-01,2024-05-07,5,5029.1797
2024-05-01,2024-05-08,6,4996.653
2024-05-01,2024-05-09,7,5049.6553
2024-05-01,2024-05-10,8,4928.1836
2024-05-01,2024-05-13,9,4921.7026
2024-05-01,2024-05-14,10,4969.8223
2024-05-02,2024-05-02,1,5006.334
2024-05-02,2024-05-03,2,4998.8013
2024-05-02,2024-05-06,3,5017.877
2024-05-02,2024-05-07,4,5018.408
2024-05-02,2024-05-08,5,5009.611
2024-05-02,2024-05-09,6,4977.883
2024-05-02,2024-05-10,7,5029.88
2024-05-02,2024-05-13,8,4907.677
2024-05-02,2024-05-14,9,4901.511
2024-05-02,2024-05-15,10,4947.747
2024-05-03,2024-05-03,1,5003.521
2024-05-03,2024-05-06,2,4996.1836
2024-05-03,2024-05-07,3,5015.5464
2024-05-03,2024-05-08,4,5015.806
2024-05-03,2024-05-09,5,5006.927
2024-05-03,2024-05-10,6,4975.269
2024-05-03,2024-05-13,7,5026.9697
2024-05-03,2024-05-14,8,4905.762
2024-05-03,2024-05-15,9,4899.276
2024-05-03,2024-05-16,10,4945.47
2024-05-04,2024-05-06,1,5025.534
2024-05-04,2024-05-07,2,5017.982
2024-05-04,2024-05-08,3,5037.761
2024-05-04,2024-05-09,4,5039.4033
2024-05-04,2024-05-10,5,5027.435
2024-05-04,2024-05-13,6,4994.8843
2024-05-04,2024-05-14,7,5047.2544
2024-05-04,2024-05-15,8,4927.688
2024-05-04,2024-05-16,9,4920.647
2024-05-04,2024-05-17,10,4968.7446
2024-05-07,2024-05-07,1,5061.9507
2024-05-07,2024-05-08,2,5053.985
2024-05-07,2024-05-09,3,5073.872
2024-05-07,2024-05-10,4,5077.8438
2024-05-07,2024-05-13,5,5061.6787
2024-05-07,2024-05-14,6,5027.7603
2024-05-07,2024-05-15,7,5081.2266
2024-05-07,2024-05-16,8,4962.557
2024-05-07,2024-05-17,9,4955.224
2024-05-07,2024-05-20,10,5005.9507
2024-05-08,2024-05-08,1,5090.821
2024-05-08,2024-05-09,2,5082.6504
2024-05-08,2024-05-10,3,5102.0566
2024-05-08,2024-05-13,4,5107.7686
2024-05-08,2024-05-14,5,5089.253
2024-05-08,2024-05-15,6,5054.3276
2024-05-08,2024-05-16,7,5108.49
2024-05-08,2024-05-17,8,4988.989
2024-05-08,2024-05-20,9,4981.949
2024-05-08,2024-05-21,10,5034.2275
2024-05-09,2024-05-09,1,5106.409
2024-05-09,2024-05-10,2,5098.355
2024-05-09,2024-05-13,3,5117.0205
2024-05-09,2024-05-14,4,5123.372
2024-05-09,2024-05-15,5,5104.597
2024-05-09,2024-05-16,6,5069.2905
2024-05-09,2024-05-17,7,5123.4575
2024-05-09,2024-05-20,8,5002.2354
2024-05-09,2024-05-21,9,4995.7446
2024-05-09,2024-05-22,10,5048.2847
2024-05-10,2024-05-10,1,5119.3506
2024-05-10,2024-05-13,2,5111.5444
2024-05-10,2024-05-14,3,5129.573
2024-05-10,2024-05-15,4,5136.2207
2024-05-10,2024-05-16,5,5117.4287
2024-05-10,2024-05-17,6,5081.9062
2024-05-10,2024-05-20,7,5135.851
2024-05-10,2024-05-21,8,5013.2383
2024-05-10,2024-05-22,9,5007.078
2024-05-10,2024-05-23,10,5059.7695
2024-05-11,2024-05-13,1,5129.0073
2024-05-11,2024-05-14,2,5121.4814
2024-05-11,2024-05-15,3,5138.8965
2024-05-11,2024-05-16,4,5145.647
2024-05-11,2024-05-17,5,5127.1113
2024-05-11,2024-05-20,6,5091.3994
2024-05-11,2024-05-21,7,5145.1797
2024-05-11,2024-05-22,8,5021.2446
2024-05-11,2024-05-23,9,5015.2583
2024-05-11,2024-05-24,10,5068.116
2024-05-14,2024-05-14,1,5134.211
2024-05-14,2024-05-15,2,5126.9385
2024-05-14,2024-05-16,3,5143.802
2024-05-14,2024-05-17,4,5150.4346
2024-05-14,2024-05-20,5,5132.501
2024-05-14,2024-05-21,6,5096.6978
2024-05-14,2024-05-22,7,5150.325
2024-05-14,2024-05-23,8,5025.12
2024-05-14,2024-05-24,9,5019.189
2024-05-14,2024-05-27,10,5072.136
2024-05-15,2024-05-15,1,5143.6665
2024-05-15,2024-05-16,2,5136.5146
2024-05-15,2024-05-17,3,5153.0024
2024-05-15,2024-05-20,4,5159.846
2024-05-15,2024-05-21,5,5141.694
2024-05-15,2024-05-22,6,5105.649
2024-05-15,2024-05-23,7,5159.3174
2024-05-15,2024-05-24,8,5033.3833
2024-05-15,2024-05-27,9,5027.2827
2024-05-15,2024-05-28,10,5080.874
2024-05-16,2024-05-16,1,5167.96
2024-05-16,2024-05-17,2,5160.6934
2024-05-16,2024-05-20,3,5176.8906
2024-05-16,2024-05-21,4,5184.9907
2024-05-16,2024-05-22,5,5164.6343
2024-05-16,2024-05-23,6,5127.843
2024-05-16,2024-05-24,7,5182.0425
2024-05-16,2024-05-27,8,5056.0034
2024-05-16,2024-05-28,9,5049.5347
2024-05-16,2024-05-29,10,5105.035
2024-05-17,2024-05-17,1,5184.4766
2024-05-17,2024-05-20,2,5177.1396
2024-05-17,2024-05-21,3,5192.681
2024-05-17,2024-05-22,4,5201.6177
2024-05-17,2024-05-23,5,5180.4204
2024-05-17,2024-05-24,6,5143.096
2024-05-17,2024-05-27,7,5197.752
2024-05-17,2024-05-28,8,5070.4575
2024-05-17,2024-05-29,9,5063.9844
2024-05-17,2024-05-30,10,5120.717
2024-05-18,2024-05-20,1,5194.7173
2024-05-18,2024-05-21,2,5187.3853
2024-05-18,2024-05-22,3,5202.2876
2024-05-18,2024-05-23,4,5211.543
2024-05-18,2024-05-24,5,5190.3223
2024-05-18,2024-05-27,6,5152.836
2024-05-18,2024-05-28,7,5207.569
2024-05-18,2024-05-29,8,5078.856
2024-05-18,2024-05-30,9,5072.4326
2024-05-18,2024-05-31,10,5129.816
2024-05-21,2024-05-21,1,5200.6636
2024-05-21,2024-05-22,2,5193.41
2024-05-21,2024-05-23,3,5207.757
2024-05-21,2024-05-24,4,5216.9834
2024-05-21,2024-05-27,5,5196.176
2024-05-21,2024-05-28,6,5158.683
2024-05-21,2024-05-29,7,5213.355
2024-05-21,2024-05-30,8,5083.346
2024-05-21,2024-05-31,9,5076.9
2024-05-21,2024-06-03,10,5134.643
2024-05-22,2024-05-22,1,5206.9844
2024-05-22,2024-05-23,2,5199.7905
2024-05-22,2024-05-24,3,5213.7017
2024-05-22,2024-05-27,4,5222.9517
2024-05-22,2024-05-28,5,5202.2905
2024-05-22,2024-05-29,6,5164.749
2024-05-22,2024-05-30,7,5219.433
2024-05-22,2024-05-31,8,5088.4785
2024-05-22,2024-06-03,9,5081.8745
2024-05-22,2024-06-04,10,5140.1353
2024-05-23,2024-05-23,1,5207.487
2024-05-23,2024-05-24,2,5200.367
2024-05-23,2024-05-27,3,5213.856
2024-05-23,2024-05-28,4,5222.821
2024-05-23,2024-05-29,5,5202.9233
2024-05-23,2024-05-30,6,5165.455
2024-05-23,2024-05-31,7,5220.1284
2024-05-23,2024-06-03,8,5088.082
2024-05-23,2024-06-04,9,5081.342
2024-05-23,2024-06-05,10,5139.778
2024-05-24,2024-05-24,1,5196.105
2024-05-24,2024-05-27,2,5189.1147
2024-05-24,2024-05-28,3,5202.283
2024-05-24,2024-05-29,4,5210.2344
2024-05-24,2024-05-30,5,5192.3784
2024-05-24,2024-05-31,6,5155.348
2024-05-24,2024-06-03,7,5209.7607
2024-05-24,2024-06-04,8,5076.4575
2024-05-24,2024-06-05,9,5069.5996
2024-05-24,2024-06-06,10,5127.389
2024-05-25,2024-05-27,1,5196.1323
2024-05-25,2024-05-28,2,5189.114
2024-05-25,2024-05-29,3,5202.3438
2024-05-25,2024-05-30,4,5210.0645
2024-05-25,2024-05-31,5,5192.2754
2024-05-25,2024-06-03,6,5155.3237
2024-05-25,2024-06-04,7,5209.767
2024-05-25,2024-06-05,8,5076.5225
2024-05-25,2024-06-06,9,5069.206
2024-05-25,2024-06-07,10,5127.3857
2024-05-28,2024-05-28,1,5196.1323
2024-05-28,2024-05-29,2,5189.114
2024-05-28,2024-05-30,3,5202.3438
2024-05-28,2024-05-31,4,5210.0645
2024-05-28,2024-06-03,5,5192.2754
2024-05-28,2024-06-04,6,5155.3237
2024-05-28,2024-06-05,7,5209.767
2024-05-28,2024-06-06,8,5076.5225
2024-05-28,2024-06-07,9,5069.206
2024-05-28,2024-06-10,10,5127.3857
2024-05-29,2024-05-29,1,5199.7856
2024-05-29,2024-05-30,2,5192.642
2024-05-29,2024-05-31,3,5205.846
2024-05-29,2024-06-03,4,5213.7495
2024-05-29,2024-06-04,5,5195.544
2024-05-29,2024-06-05,6,5158.4106
2024-05-29,2024-06-06,7,5213.2334
2024-05-29,2024-06-07,8,5079.96
2024-05-29,2024-06-10,9,5072.28
2024-05-29,2024-06-11,10,5131.195
2024-05-30,2024-05-30,1,5192.993
2024-05-30,2024-05-31,2,5185.7686
2024-05-30,2024-06-03,3,5198.829
2024-05-30,2024-06-04,4,5206.3003
2024-05-30,2024-06-05,5,5189.0825
2024-05-30,2024-06-06,6,5152.1353
2024-05-30,2024-06-07,7,5207.0635
2024-05-30,2024-06-10,8,5073.078
2024-05-30,2024-06-11,9,5065.2905
2024-05-30,2024-06-12,10,5124.0435
2024-05-31,2024-05-31,1,5177.5386
2024-05-31,2024-06-03,2,5170.303
2024-05-31,2024-06-04,3,5183.3823
2024-05-31,2024-06-05,4,5189.8164
2024-05-31,2024-06-06,5,5174.47
2024-05-31,2024-06-07,6,5138.0674
2024-05-31,2024-06-10,7,5192.752
2024-05-31,2024-06-11,8,5058.1455
2024-05-31,2024-06-12,9,5050.251
2024-05-31,2024-06-13,10,5108.1265
2024-06-01,2024-06-03,1,5176.8647
2024-06-01,2024-06-04,2,5169.4937
2024-06-01,2024-06-05,3,5182.916
2024-06-01,2024-06-06,4,5189.2705
2024-06-01,2024-06-07,5,5173.5264
2024-06-01,2024-06-10,6,5137.1855
2024-06-01,2024-06-11,7,5191.9814
2024-06-01,2024-06-12,8,5058.075
2024-06-01,2024-06-13,9,5049.778
2024-06-01,2024-06-14,10,5107.976
2024-06-04,2024-06-04,1,5182.0596
2024-06-04,2024-06-05,2,5174.4775
2024-06-04,2024-06-06,3,5188.0757
2024-06-04,2024-06-07,4,5194.882
2024-06-04,2024-06-10,5,5178.123
2024-06-04,2024-06-11,6,5141.526
2024-06-04,2024-06-12,7,5196.791
2024-06-04,2024-06-13,8,5063.3813
2024-06-04,2024-06-14,9,5054.8315
2024-06-04,2024-06-17,10,5113.7866
2024-06-05,2024-06-05,1,5189.374
2024-06-05,2024-06-06,2,5181.5566
2024-06-05,2024-06-07,3,5195.1973
2024-06-05,2024-06-10,4,5202.6113
2024-06-05,2024-06-11,5,5184.7734
2024-06-05,2024-06-12,6,5147.9307
2024-06-05,2024-06-13,7,5203.6045
2024-06-05,2024-06-14,8,5070.3936
2024-06-05,2024-06-17,9,5061.772
2024-06-05,2024-06-18,10,5121.4688
2024-06-06,2024-06-06,1,5211.3057
2024-06-06,2024-06-07,2,5203.174
2024-06-06,2024-06-10,3,5216.836
2024-06-06,2024-06-11,4,5225.744
2024-06-06,2024-06-12,5,5205.1387
2024-06-06,2024-06-13,6,5167.6934
2024-06-06,2024-06-14,7,5223.935
2024-06-06,2024-06-17,8,5091.362
2024-06-06,2024-06-18,9,5082.6274
2024-06-06,2024-06-19,10,5144.002
2024-06-07,2024-06-07,1,5228.218
2024-06-07,2024-06-10,2,5219.9126
2024-06-07,2024-06-11,3,5233.171
2024-06-07,2024-06-12,4,5243.208
2024-06-07,2024-06-13,5,5221.065
2024-06-07,2024-06-14,6,5183.1646
2024-06-07,2024-06-17,7,5239.8213
2024-06-07,2024-06-18,8,5106.7446
2024-06-07,2024-06-19,9,5098.25
2024-06-07,2024-06-20,10,5160.697
2024-06-08,2024-06-10,1,5235.715
2024-06-08,2024-06-11,2,5227.427
2024-06-08,2024-06-12,3,5240.1694
2024-06-08,2024-06-13,4,5250.53
2024-06-08,2024-06-14,5,5228.3184
2024-06-08,2024-06-17,6,5190.4023
2024-06-08,2024-06-18,7,5246.9814
2024-06-08,2024-06-19,8,5112.8496
2024-06-08,2024-06-20,9,5104.709
2024-06-08,2024-06-21,10,5167.3276
2024-06-11,2024-06-11,1,5241.252
2024-06-11,2024-06-12,2,5233.0913
2024-06-11,2024-06-13,3,5245.4307
2024-06-11,2024-06-14,4,5255.844
2024-06-11,2024-06-17,5,5233.753
2024-06-11,2024-06-18,6,5195.9146
2024-06-11,2024-06-19,7,5252.258
2024-06-11,2024-06-20,8,5117.3477
2024-06-11,2024-06-21,9,5109.3926
2024-06-11,2024-06-24,10,5172.058
2024-06-12,2024-06-12,1,5247.9478
2024-06-12,2024-06-13,2,5239.928
2024-06-12,2024-06-14,3,5251.9185
2024-06-12,2024-06-17,4,5262.4717
2024-06-12,2024-06-18,5,5240.245
2024-06-12,2024-06-19,6,5202.362
2024-06-12,2024-06-20,7,5258.5977
2024-06-12,2024-06-21,8,5123.1523
2024-06-12,2024-06-24,9,5115.234
2024-06-12,2024-06-25,10,5178.183
2024-06-13,2024-06-13,1,5260.0747
2024-06-13,2024-06-14,2,5251.935
2024-06-13,2024-06-17,3,5263.9736
2024-06-13,2024-06-18,4,5275.3613
2024-06-13,2024-06-19,5,5251.5146
2024-06-13,2024-06-20,6,5213.275
2024-06-13,2024-06-21,7,5269.7754
2024-06-13,2024-06-24,8,5134.907
2024-06-13,2024-06-25,9,5126.855
2024-06-13,2024-06-26,10,5190.7676
2024-06-14,2024-06-14,1,5281.384
2024-06-14,2024-06-17,2,5273.3623
2024-06-14,2024-06-18,3,5284.496
2024-06-14,2024-06-19,4,5296.9136
2024-06-14,2024-06-20,5,5271.8325
2024-06-14,2024-06-21,6,5233.0957
2024-06-14,2024-06-24,7,5289.8647
2024-06-14,2024-06-25,8,5153.8125
2024-06-14,2024-06-26,9,5145.777
2024-06-14,2024-06-27,10,5211.186
2024-06-15,2024-06-17,1,5291.302
2024-06-15,2024-06-18,2,5283.3286
2024-06-15,2024-06-19,3,5293.8223
2024-06-15,2024-06-20,4,5306.6855
2024-06-15,2024-06-21,5,5281.3345
2024-06-15,2024-06-24,6,5242.4487
2024-06-15,2024-06-25,7,5299.2627
2024-06-15,2024-06-26,8,5162.1533
2024-06-15,2024-06-27,9,5154.239
2024-06-15,2024-06-28,10,5220.303
2024-06-18,2024-06-18,1,5306.5815
2024-06-18,2024-06-19,2,5298.628
2024-06-18,2024-06-20,3,5308.591
2024-06-18,2024-06-21,4,5322.1963
2024-06-18,2024-06-24,5,5295.776
2024-06-18,2024-06-25,6,5256.651
2024-06-18,2024-06-26,7,5313.5317
2024-06-18,2024-06-27,8,5175.871
2024-06-18,2024-06-28,9,5167.9077
2024-06-18,2024-07-01,10,5235.0737
2024-06-19,2024-06-19,1,5320.927
2024-06-19,2024-06-20,2,5313.012
2024-06-19,2024-06-21,3,5322.3145
2024-06-19,2024-06-24,4,5336.6294
2024-06-19,2024-06-25,5,5309.371
2024-06-19,2024-06-26,6,5269.9756
2024-06-19,2024-06-27,7,5327.003
2024-06-19,2024-06-28,8,5188.5186
2024-06-19,2024-07-01,9,5180.5537
2024-06-19,2024-07-02,10,5248.801
2024-06-20,2024-06-20,1,5320.927
2024-06-20,2024-06-21,2,5313.012
2024-06-20,2024-06-24,3,5322.3145
2024-06-20,2024-06-25,4,5336.6294
2024-06-20,2024-06-26,5,5309.371
2024-06-20,2024-06-27,6,5269.9756
2024-06-20,2024-06-28,7,5327.003
2024-06-20,2024-07-01,8,5188.5186
2024-06-20,2024-07-02,9,5180.5537
2024-06-20,2024-07-03,10,5248.801
2024-06-21,2024-06-21,1,5326.2134
2024-06-21,2024-06-24,2,5318.42
2024-06-21,2024-06-25,3,5327.024
2024-06-21,2024-06-26,4,5341.3813
2024-06-21,2024-06-27,5,5314.537
2024-06-21,2024-06-28,6,5275.177
2024-06-21,2024-07-01,7,5332.115
2024-06-21,2024-07-02,8,5192.351
2024-06-21,2024-07-03,9,5184.454
2024-06-21,2024-07-04,10,5253.0728
2024-06-22,2024-06-24,1,5325.1587
2024-06-22,2024-06-25,2,5317.545
2024-06-22,2024-06-26,3,5325.6387
2024-06-22,2024-06-27,4,5339.529
2024-06-22,2024-06-28,5,5313.742
2024-06-22,2024-07-01,6,5274.637
2024-06-22,2024-07-02,7,5331.2983
2024-06-22,2024-07-03,8,5190.407
2024-06-22,2024-07-04,9,5182.454
2024-06-22,2024-07-05,10,5251.0
2024-06-25,2024-06-25,1,5318.737
2024-06-25,2024-06-26,2,5311.3276
2024-06-25,2024-06-27,3,5319.1147
2024-06-25,2024-06-28,4,5332.1895
2024-06-25,2024-07-01,5,5307.8833
2024-06-25,2024-07-02,6,5269.113
2024-06-25,2024-07-03,7,5325.488
2024-06-25,2024-07-04,8,5183.6973
2024-06-25,2024-07-05,9,5175.549
2024-06-25,2024-07-08,10,5243.7246
2024-06-26,2024-06-26,1,5319.3574
2024-06-26,2024-06-27,2,5312.026
2024-06-26,2024-06-28,3,5319.734
2024-06-26,2024-07-01,4,5332.594
2024-06-26,2024-07-02,5,5308.451
2024-06-26,2024-07-03,6,5269.717
2024-06-26,2024-07-04,7,5326.1055
2024-06-26,2024-07-05,8,5184.2183
2024-06-26,2024-07-08,9,5175.673
2024-06-26,2024-07-09,10,5244.196
2024-06-27,2024-06-27,1,5324.1606
2024-06-27,2024-06-28,2,5316.792
2024-06-27,2024-07-01,3,5324.372
2024-06-27,2024-07-02,4,5337.4795
2024-06-27,2024-07-03,5,5312.8687
2024-06-27,2024-07-04,6,5273.936
2024-06-27,2024-07-05,7,5330.6333
2024-06-27,2024-07-08,8,5188.6953
2024-06-27,2024-07-09,9,5179.8125
2024-06-27,2024-07-10,10,5249.0967
2024-06-28,2024-06-28,1,5329.92
2024-06-28,2024-07-01,2,5322.4424
2024-06-28,2024-07-02,3,5329.826
2024-06-28,2024-07-03,4,5343.3228
2024-06-28,2024-07-04,5,5318.1533
2024-06-28,2024-07-05,6,5279.0347
2024-06-28,2024-07-08,7,5336.048
2024-06-28,2024-07-09,8,5193.8984
2024-06-28,2024-07-10,9,5184.8047
2024-06-28,2024-07-11,10,5254.876
2024-06-29,2024-07-01,1,5328.0815
2024-06-29,2024-07-02,2,5320.557
2024-06-29,2024-07-03,3,5327.7
2024-06-29,2024-07-04,4,5341.018
2024-06-29,2024-07-05,5,5316.399
2024-06-29,2024-07-08,6,5277.3833
2024-06-29,2024-07-09,7,5334.459
2024-06-29,2024-07-10,8,5191.635
2024-06-29,2024-07-11,9,5182.479
2024-06-29,2024-07-12,10,5252.623
2024-07-02,2024-07-02,1,5328.821
2024-07-02,2024-07-03,2,5321.2456
2024-07-02,2024-07-04,3,5328.315
2024-07-02,2024-07-05,4,5341.5693
2024-07-02,2024-07-08,5,5317.0063
2024-07-02,2024-07-09,6,5278.0835
2024-07-02,2024-07-10,7,5335.164
2024-07-02,2024-07-11,8,5192.1465
2024-07-02,2024-07-12,9,5182.825
2024-07-02,2024-07-15,10,5253.1914
2024-07-03,2024-07-03,1,5338.601
2024-07-03,2024-07-04,2,5330.91
2024-07-03,2024-07-05,3,5337.899
2024-07-03,2024-07-08,4,5351.7817
2024-07-03,2024-07-09,5,5326.024
2024-07-03,2024-07-10,6,5286.8643
2024-07-03,2024-07-11,7,5344.2275
2024-07-03,2024-07-12,8,5201.4336
2024-07-03,2024-07-15,9,5191.908
2024-07-03,2024-07-16,10,5263.2266
2024-07-04,2024-07-04,1,5354.213
2024-07-04,2024-07-05,2,5346.3423
2024-07-04,2024-07-08,3,5353.0493
2024-07-04,2024-07-09,4,5368.061
2024-07-04,2024-07-10,5,5340.503
2024-07-04,2024-07-11,6,5300.921
2024-07-04,2024-07-12,7,5358.7285
2024-07-04,2024-07-15,8,5215.995
2024-07-04,2024-07-16,9,5206.3955
2024-07-04,2024-07-17,10,5279.0957
2024-07-05,2024-07-05,1,5354.213
2024-07-05,2024-07-08,2,5346.3423
2024-07-05,2024-07-09,3,5353.0493
2024-07-05,2024-07-10,4,5368.061
2024-07-05,2024-07-11,5,5340.503
2024-07-05,2024-07-12,6,5300.921
2024-07-05,2024-07-15,7,5358.7285
2024-07-05,2024-07-16,8,5215.995
2024-07-05,2024-07-17,9,5206.3955
2024-07-05,2024-07-18,10,5279.0957
2024-07-06,2024-07-08,1,5373.03
2024-07-06,2024-07-09,2,5364.9624
2024-07-06,2024-07-10,3,5371.174
2024-07-06,2024-07-11,4,5387.5396
2024-07-06,2024-07-12,5,5358.0093
2024-07-06,2024-07-15,6,5318.005
2024-07-06,2024-07-16,7,5376.203
2024-07-06,2024-07-17,8,5233.239
2024-07-06,2024-07-18,9,5223.7065
2024-07-06,2024-07-19,10,5297.9463
2024-07-09,2024-07-09,1,5386.651
2024-07-09,2024-07-10,2,5378.5005
2024-07-09,2024-07-11,3,5384.021
2024-07-09,2024-07-12,4,5401.26
2024-07-09,2024-07-15,5,5370.771
2024-07-09,2024-07-16,6,5330.5947
2024-07-09,2024-07-17,7,5388.9185
2024-07-09,2024-07-18,8,5245.1177
2024-07-09,2024-07-19,9,5235.8057
2024-07-09,2024-07-22,10,5311.046
2024-07-10,2024-07-10,1,5394.596
2024-07-10,2024-07-11,2,5386.4937
2024-07-10,2024-07-12,3,5391.341
2024-07-10,2024-07-15,4,5408.881
2024-07-10,2024-07-16,5,5378.294
2024-07-10,2024-07-17,6,5338.204
2024-07-10,2024-07-18,7,5396.3726
2024-07-10,2024-07-19,8,5251.5674
2024-07-10,2024-07-22,9,5242.4453
2024-07-10,2024-07-23,10,5318.167
2024-07-11,2024-07-11,1,5412.2456
2024-07-11,2024-07-12,2,5404.1465
2024-07-11,2024-07-15,3,5408.416
2024-07-11,2024-07-16,4,5426.9443
2024-07-11,2024-07-17,5,5394.792
2024-07-11,2024-07-18,6,5354.503
2024-07-11,2024-07-19,7,5412.712
2024-07-11,2024-07-22,8,5267.66
2024-07-11,2024-07-23,9,5258.4995
2024-07-11,2024-07-24,10,5335.5674
2024-07-12,2024-07-12,1,5413.0674
2024-07-12,2024-07-15,2,5405.157
2024-07-12,2024-07-16,3,5408.632
2024-07-12,2024-07-17,4,5426.9146
2024-07-12,2024-07-18,5,5395.767
2024-07-12,2024-07-19,6,5355.646
2024-07-12,2024-07-22,7,5413.693
2024-07-12,2024-07-23,8,5267.1562
2024-07-12,2024-07-24,9,5258.18
2024-07-12,2024-07-25,10,5335.271
2024-07-13,2024-07-15,1,5417.611
2024-07-13,2024-07-16,2,5409.84
2024-07-13,2024-07-17,3,5412.879
2024-07-13,2024-07-18,4,5431.105
2024-07-13,2024-07-19,5,5400.0703
2024-07-13,2024-07-22,6,5360.1343
2024-07-13,2024-07-23,7,5417.9277
2024-07-13,2024-07-24,8,5270.8438
2024-07-13,2024-07-25,9,5261.728
2024-07-13,2024-07-26,10,5339.2095
2024-07-16,2024-07-16,1,5425.243
2024-07-16,2024-07-17,2,5417.5796
2024-07-16,2024-07-18,3,5420.182
2024-07-16,2024-07-19,4,5438.6816
2024-07-16,2024-07-22,5,5407.2437
2024-07-16,2024-07-23,6,5367.2207
2024-07-16,2024-07-24,7,5425.0728
2024-07-16,2024-07-25,8,5277.614
2024-07-16,2024-07-26,9,5268.3047
2024-07-16,2024-07-29,10,5346.5537
2024-07-17,2024-07-17,1,5440.028
2024-07-17,2024-07-18,2,5432.3335
2024-07-17,2024-07-19,3,5434.44
2024-07-17,2024-07-22,4,5453.886
2024-07-17,2024-07-23,5,5420.9907
2024-07-17,2024-07-24,6,5380.6514
2024-07-17,2024-07-25,7,5438.791
2024-07-17,2024-07-26,8,5291.1924
2024-07-17,2024-07-29,9,5281.687
2024-07-17,2024-07-30,10,5361.3696
2024-07-18,2024-07-18,1,5431.4443
2024-07-18,2024-07-19,2,5423.9214
2024-07-18,2024-07-22,3,5425.388
2024-07-18,2024-07-23,4,5443.98
2024-07-18,2024-07-24,5,5413.132
2024-07-18,2024-07-25,6,5373.1494
2024-07-18,2024-07-26,7,5431.0864
2024-07-18,2024-07-29,8,5281.833
2024-07-18,2024-07-30,9,5272.4214
2024-07-18,2024-07-31,10,5351.574
2024-07-20,2024-07-22,1,5409.894
2024-07-20,2024-07-23,2,5402.6475
2024-07-20,2024-07-24,3,5404.059
2024-07-20,2024-07-25,4,5420.639
2024-07-20,2024-07-26,5,5393.136
2024-07-20,2024-07-29,6,5354.04
2024-07-20,2024-07-30,7,5411.247
2024-07-20,2024-07-31,8,5260.846
2024-07-20,2024-08-01,9,5251.191
2024-07-20,2024-08-02,10,5328.7397
2024-07-23,2024-07-23,1,5409.894
2024-07-23,2024-07-24,2,5402.6475
2024-07-23,2024-07-25,3,5404.059
2024-07-23,2024-07-26,4,5420.639
2024-07-23,2024-07-29,5,5393.136
2024-07-23,2024-07-30,6,5354.04
2024-07-23,2024-07-31,7,5411.247
2024-07-23,2024-08-01,8,5260.846
2024-07-23,2024-08-02,9,5251.191
2024-07-23,2024-08-05,10,5328.7397
2024-07-24,2024-07-24,1,5409.894
2024-07-24,2024-07-25,2,5402.6475
2024-07-24,2024-07-26,3,5404.059
2024-07-24,2024-07-29,4,5420.639
2024-07-24,2024-07-30,5,5393.136
2024-07-24,2024-07-31,6,5354.04
2024-07-24,2024-08-01,7,5411.247
2024-07-24,2024-08-02,8,5260.846
2024-07-24,2024-08-05,9,5251.191
2024-07-24,2024-08-06,10,5328.7397
2024-07-25,2024-07-25,1,5409.894
2024-07-25,2024-07-26,2,5402.6475
2024-07-25,2024-07-29,3,5404.059
2024-07-25,2024-07-30,4,5420.639
2024-07-25,2024-07-31,5,5393.136
2024-07-25,2024-08-01,6,5354.04
2024-07-25,2024-08-02,7,5411.247
2024-07-25,2024-08-05,8,5260.846
2024-07-25,2024-08-06,9,5251.191
2024-07-25,2024-08-07,10,5328.7397
2024-07-26,2024-07-26,1,5409.894
2024-07-26,2024-07-29,2,5402.6475
2024-07-26,2024-07-30,3,5404.059
2024-07-26,2024-07-31,4,5420.639
2024-07-26,2024-08-01,5,5393.136
2024-07-26,2024-08-02,6,5354.04
2024-07-26,2024-08-05,7,5411.247
2024-07-26,2024-08-06,8,5260.846
2024-07-26,2024-08-07,9,5251.191
2024-07-26,2024-08-08,10,5328.7397
2024-07-27,2024-07-29,1,5409.894
2024-07-27,2024-07-30,2,5402.6475
2024-07-27,2024-07-31,3,5404.059
2024-07-27,2024-08-01,4,5420.639
2024-07-27,2024-08-02,5,5393.136
2024-07-27,2024-08-05,6,5354.04
2024-07-27,2024-08-06,7,5411.247
2024-07-27,2024-08-07,8,5260.846
2024-07-27,2024-08-08,9,5251.191
2024-07-27,2024-08-09,10,5328.7397
2024-07-30,2024-07-30,1,5409.894
2024-07-30,2024-07-31,2,5402.6475
2024-07-30,2024-08-01,3,5404.059
2024-07-30,2024-08-02,4,5420.639
2024-07-30,2024-08-05,5,5393.136
2024-07-30,2024-08-06,6,5354.04
2024-07-30,2024-08-07,7,5411.247
2024-07-30,2024-08-08,8,5260.846
2024-07-30,2024-08-09,9,5251.191
2024-07-30,2024-08-12,10,5328.7397
2024-07-31,2024-07-31,1,5409.894
2024-07-31,2024-08-01,2,5402.6475
2024-07-31,2024-08-02,3,5404.059
2024-07-31,2024-08-05,4,5420.639
2024-07-31,2024-08-06,5,5393.136
2024-07-31,2024-08-07,6,5354.04
2024-07-31,2024-08-08,7,5411.247
2024-07-31,2024-08-09,8,5260.846
2024-07-31,2024-08-12,9,5251.191
2024-07-31,2024-08-13,10,5328.7397
2024-08-01,2024-08-01,1,5409.894
2024-08-01,2024-08-02,2,5402.6475
2024-08-01,2024-08-05,3,5404.059
2024-08-01,2024-08-06,4,5420.639
2024-08-01,2024-08-07,5,5393.136
2024-08-01,2024-08-08,6,5354.04
2024-08-01,2024-08-09,7,5411.247
2024-08-01,2024-08-12,8,5260.846
2024-08-01,2024-08-13,9,5251.191
2024-08-01,2024-08-14,10,5328.7397
2024-08-02,2024-08-02,1,5409.894
2024-08-02,2024-08-05,2,5402.6475
2024-08-02,2024-08-06,3,5404.059
2024-08-02,2024-08-07,4,5420.639
2024-08-02,2024-08-08,5,5393.136
2024-08-02,2024-08-09,6,5354.04
2024-08-02,2024-08-12,7,5411.247
2024-08-02,2024-08-13,8,5260.846
2024-08-02,2024-08-14,9,5251.191
2024-08-02,2024-08-15,10,5328.7397
2024-08-03,2024-08-05,1,5409.894
2024-08-03,2024-08-06,2,5402.6475
2024-08-03,2024-08-07,3,5404.059
2024-08-03,2024-08-08,4,5420.639
2024-08-03,2024-08-09,5,5393.136
2024-08-03,2024-08-12,6,5354.04
2024-08-03,2024-08-13,7,5411.247
2024-08-03,2024-08-14,8,5260.846
2024-08-03,2024-08-15,9,5251.191
2024-08-03,2024-08-16,10,5328.7397
2024-08-06,2024-08-06,1,5409.894
2024-08-06,2024-08-07,2,5402.6475
2024-08-06,2024-08-08,3,5404.059
2024-08-06,2024-08-09,4,5420.639
2024-08-06,2024-08-12,5,5393.136
2024-08-06,2024-08-13,6,5354.04
2024-08-06,2024-08-14,7,5411.247
2024-08-06,2024-08-15,8,5260.846
2024-08-06,2024-08-16,9,5251.191
2024-08-06,2024-08-19,10,5328.7397
2024-08-07,2024-08-07,1,5409.894
2024-08-07,2024-08-08,2,5402.6475
2024-08-07,2024-08-09,3,5404.059
2024-08-07,2024-08-12,4,5420.639
2024-08-07,2024-08-13,5,5393.136
2024-08-07,2024-08-14,6,5354.04
2024-08-07,2024-08-15,7,5411.247
2024-08-07,2024-08-16,8,5260.846
2024-08-07,2024-08-19,9,5251.191
2024-08-07,2024-08-20,10,5328.7397
2024-08-08,2024-08-08,1,5409.894
2024-08-08,2024-08-09,2,5402.6475
2024-08-08,2024-08-12,3,5404.059
2024-08-08,2024-08-13,4,5420.639
2024-08-08,2024-08-14,5,5393.136
2024-08-08,2024-08-15,6,5354.04
2024-08-08,2024-08-16,7,5411.247
2024-08-08,2024-08-19,8,5260.846
2024-08-08,2024-08-20,9,5251.191
2024-08-08,2024-08-21,10,5328.7397
2024-08-09,2024-08-09,1,5409.894
2024-08-09,2024-08-12,2,5402.6475
2024-08-09,2024-08-13,3,5404.059
2024-08-09,2024-08-14,4,5420.639
2024-08-09,2024-08-15,5,5393.136
2024-08-09,2024-08-16,6,5354.04
2024-08-09,2024-08-19,7,5411.247
2024-08-09,2024-08-20,8,5260.846
2024-08-09,2024-08-21,9,5251.191
2024-08-09,2024-08-22,10,5328.7397
2024-08-10,2024-08-12,1,5409.894
2024-08-10,2024-08-13,2,5402.6475
2024-08-10,2024-08-14,3,5404.059
2024-08-10,2024-08-15,4,5420.639
2024-08-10,2024-08-16,5,5393.136
2024-08-10,2024-08-19,6,5354.04
2024-08-10,2024-08-20,7,5411.247
2024-08-10,2024-08-21,8,5260.846
2024-08-10,2024-08-22,9,5251.191
2024-08-10,2024-08-23,10,5328.7397
2024-08-13,2024-08-13,1,5409.894
2024-08-13,2024-08-14,2,5402.6475
2024-08-13,2024-08-15,3,5404.059
2024-08-13,2024-08-16,4,5420.639
2024-08-13,2024-08-19,5,5393.136
2024-08-13,2024-08-20,6,5354.04
2024-08-13,2024-08-21,7,5411.247
2024-08-13,2024-08-22,8,5260.846
2024-08-13,2024-08-23,9,5251.191
2024-08-13,2024-08-26,10,5328.7397
2024-08-14,2024-08-14,1,5409.894
2024-08-14,2024-08-15,2,5402.6475
2024-08-14,2024-08-16,3,5404.059
2024-08-14,2024-08-19,4,5420.639
2024-08-14,2024-08-20,5,5393.136
2024-08-14,2024-08-21,6,5354.04
2024-08-14,2024-08-22,7,5411.247
2024-08-14,2024-08-23,8,5260.846
2024-08-14,2024-08-26,9,5251.191
2024-08-14,2024-08-27,10,5328.7397
2024-08-15,2024-08-15,1,5409.894
2024-08-15,2024-08-16,2,5402.6475
2024-08-15,2024-08-19,3,5404.059
2024-08-15,2024-08-20,4,5420.639
2024-08-15,2024-08-21,5,5393.136
2024-08-15,2024-08-22,6,5354.04
2024-08-15,2024-08-23,7,5411.247
2024-08-15,2024-08-26,8,5260.846
2024-08-15,2024-08-27,9,5251.191
2024-08-15,2024-08-28,10,5328.7397
2024-08-16,2024-08-16,1,5409.894
2024-08-16,2024-08-19,2,5402.6475
2024-08-16,2024-08-20,3,5404.059
2024-08-16,2024-08-21,4,5420.639
2024-08-16,2024-08-22,5,5393.136
2024-08-16,2024-08-23,6,5354.04
2024-08-16,2024-08-26,7,5411.247
2024-08-16,2024-08-27,8,5260.846
2024-08-16,2024-08-28,9,5251.191
2024-08-16,2024-08-29,10,5328.7397
2024-08-17,2024-08-19,1,5409.894
2024-08-17,2024-08-20,2,5402.6475
2024-08-17,2024-08-21,3,5404.059
2024-08-17,2024-08-22,4,5420.639
2024-08-17,2024-08-23,5,5393.136
2024-08-17,2024-08-26,6,5354.04
2024-08-17,2024-08-27,7,5411.247
2024-08-17,2024-08-28,8,5260.846
2024-08-17,2024-08-29,9,5251.191
2024-08-17,2024-08-30,10,5328.7397
2024-08-20,2024-08-20,1,5409.894
2024-08-20,2024-08-21,2,5402.6475
2024-08-20,2024-08-22,3,5404.059
2024-08-20,2024-08-23,4,5420.639
2024-08-20,2024-08-26,5,5393.136
2024-08-20,2024-08-27,6,5354.04
2024-08-20,2024-08-28,7,5411.247
2024-08-20,2024-08-29,8,5260.846
2024-08-20,2024-08-30,9,5251.191
2024-08-20,2024-09-02,10,5328.7397
2024-08-21,2024-08-21,1,5409.894
2024-08-21,2024-08-22,2,5402.6475
2024-08-21,2024-08-23,3,5404.059
2024-08-21,2024-08-26,4,5420.639
2024-08-21,2024-08-27,5,5393.136
2024-08-21,2024-08-28,6,5354.04
2024-08-21,2024-08-29,7,5411.247
2024-08-21,2024-08-30,8,5260.846
2024-08-21,2024-09-02,9,5251.191
2024-08-21,2024-09-03,10,5328.7397
